,technologies,stability
0,TCM,0.041666667
1,TCM,0.041666667
2,TCM,0.375
3,TCM,0.458333333
4,TCM,0.666666667
5,TCM,0.666666667
6,TCM,0.625
7,TCM,0.666666667
8,TCM,0.666666667
9,TCM,0.875
10,TCM,0.875
11,TCM,0.875
12,TCM,0.875
13,TCM,0.875
14,TCM,0.958333333
15,TCM,0.958333333
16,TCM,0.958333333
17,TCM,0.916666667
18,TCM,0.958333333
19,TCM,1
20,battery,0.277777778
21,battery,0.388888889
22,battery,0.388888889
23,battery,0.444444444
24,battery,0.444444444
25,battery,0.444444444
26,battery,0.444444444
27,battery,0.5
28,battery,0.5
29,battery,0.5
30,battery,0.5
31,battery,0.611111111
32,battery,0.5
33,battery,0.611111111
34,battery,0.666666667
35,battery,0.666666667
36,battery,0.722222222
37,battery,0.833333333
38,battery,1
39,vehicle,0
40,vehicle,0
41,vehicle,0
42,vehicle,0
43,vehicle,0.052631579
44,vehicle,0.052631579
45,vehicle,0.052631579
46,vehicle,0.315789474
47,vehicle,0.157894737
48,vehicle,0.157894737
49,vehicle,0.315789474
50,vehicle,0.473684211
51,vehicle,0.368421053
52,vehicle,0.473684211
53,vehicle,0.684210526
54,vehicle,0.736842105
55,vehicle,0.736842105
56,vehicle,0.526315789
57,vehicle,0.684210526
58,vehicle,1
59,computer,0
60,computer,0
61,computer,0.277777778
62,computer,0.5
63,computer,0.5
64,computer,0.5
65,computer,0.555555556
66,computer,0.5
67,computer,0.611111111
68,computer,0.722222222
69,computer,0.722222222
70,computer,0.888888889
71,computer,0.888888889
72,computer,0.944444444
73,computer,0.944444444
74,computer,1
75,computer,1
76,medicine,0.307692308
77,medicine,0.269230769
78,medicine,0.384615385
79,medicine,0.538461538
80,medicine,0.615384615
81,medicine,0.846153846
82,medicine,0.923076923
83,medicine,0.923076923
84,medicine,1
85,medicine,0.961538462
86,medicine,1
87,nano,0.058823529
88,nano,0.058823529
89,nano,0.117647059
90,nano,0.235294118
91,nano,0.647058824
92,nano,0.764705882
93,nano,1
94,semiconductor,0.16
95,semiconductor,0.12
96,semiconductor,0.32
97,semiconductor,0.32
98,semiconductor,0.4
99,semiconductor,0.48
100,semiconductor,0.6
101,semiconductor,0.64
102,semiconductor,0.72
103,semiconductor,0.8
104,semiconductor,0.8
105,semiconductor,0.84
106,semiconductor,0.92
107,semiconductor,0.96
108,semiconductor,0.96
109,semiconductor,0.96
110,semiconductor,1
111,smartphone,0.1
112,smartphone,0.133333333
113,smartphone,0.466666667
114,smartphone,0.633333333
115,smartphone,0.833333333
116,smartphone,1
117,solar photovoltaic,0.130434783
118,solar photovoltaic,0.173913043
119,solar photovoltaic,0.260869565
120,solar photovoltaic,0.260869565
121,solar photovoltaic,0.260869565
122,solar photovoltaic,0.347826087
123,solar photovoltaic,0.391304348
124,solar photovoltaic,0.565217391
125,solar photovoltaic,0.652173913
126,solar photovoltaic,0.913043478
127,solar photovoltaic,1
128,wind,0.291666667
129,wind,0.25
130,wind,0.291666667
131,wind,0.291666667
132,wind,0.375
133,wind,0.5
134,wind,0.5
135,wind,0.5
136,wind,0.5
137,wind,0.583333333
138,wind,0.625
139,wind,0.625
140,wind,0.666666667
141,wind,0.875
142,wind,1
